{
    "loss": 0.01789921708405018,
    "accuracy": 0.9975894093513489
}